{
  "mean": [
    -0.007333648856729269,
    -0.6906657814979553,
    -0.10796179622411728,
    -0.6239089369773865,
    2.5227701663970947,
    -0.292188435792923
  ],
  "std": [
    0.3992755711078644,
    0.5589228272438049,
    0.4808943569660187,
    40.06399917602539,
    33.176025390625,
    27.000051498413086
  ],
  "feature_columns": [
    "acc_x",
    "acc_y",
    "acc_z",
    "gyro_x",
    "gyro_y",
    "gyro_z"
  ]
}