{
  "model_config": {
    "raw_hz": 200,
    "target_hz": 50,
    "window_size": 100,
    "stride": 50,
    "window_seconds": 2.0,
    "overlap": 0.5,
    "acc_clip_min": -3.0,
    "acc_clip_max": 3.0,
    "gyro_clip_min": -500.0,
    "gyro_clip_max": 500.0,
    "conv1_filters": 64,
    "conv2_filters": 128,
    "lstm_hidden": 128,
    "fc_hidden": 64,
    "dropout": 0.5
  },
  "threshold": 0.01,
  "best_epoch": 9,
  "normalizer": {
    "mean": [
      -0.011775982566177845,
      -0.6928122043609619,
      -0.12384966015815735,
      -0.7429916858673096,
      2.4819834232330322,
      -0.262991726398468
    ],
    "std": [
      0.39723724126815796,
      0.566645085811615,
      0.4811387062072754,
      41.74571990966797,
      33.80810546875,
      27.426889419555664
    ]
  },
  "subject_split": {
    "train": [
      "SA07",
      "SA17",
      "SE09",
      "SE15",
      "SA12",
      "SA14",
      "SE04",
      "SE03",
      "SE01",
      "SA11",
      "SE07",
      "SA22",
      "SE05",
      "SA13",
      "SE02",
      "SA16",
      "SA23",
      "SE12",
      "SA02",
      "SE13",
      "SA20",
      "SA03",
      "SA15",
      "SA10",
      "SA18",
      "SA06"
    ],
    "val": [
      "SA19",
      "SE06",
      "SA08",
      "SE08",
      "SA05"
    ],
    "test": [
      "SE10",
      "SA21",
      "SE14",
      "SA01",
      "SA09",
      "SA04",
      "SE11"
    ]
  },
  "train_metrics": {
    "accuracy": 0.7366327180140039,
    "precision": 0.5575573233504914,
    "recall": 0.9998201870055142,
    "f1": 0.7158920218016395,
    "roc_auc": 0.9885930270603602,
    "confusion_matrix": [
      [
        20351,
        13237
      ],
      [
        3,
        16681
      ]
    ]
  },
  "val_metrics": {
    "accuracy": 0.6921950773172294,
    "precision": 0.5554341889677772,
    "recall": 0.9741379310344828,
    "f1": 0.7074782608695652,
    "roc_auc": 0.9427216752821082,
    "confusion_matrix": [
      [
        3497,
        3256
      ],
      [
        108,
        4068
      ]
    ]
  },
  "test_metrics": {
    "accuracy": 0.6652059596844873,
    "precision": 0.4992718446601942,
    "recall": 0.9818615751789976,
    "f1": 0.6619469026548672,
    "roc_auc": 0.9492327715421554,
    "confusion_matrix": [
      [
        4235,
        4126
      ],
      [
        76,
        4114
      ]
    ]
  }
}